{

    "elements": [
        {   "from": [ 0, 0, 0 ],
            "to": [ 16, 16, 16 ],
            "faces": {
                "down":  { "uv": [ 0, 0, 16, 16 ], "texture": "#bottom", "cullface": "down" },
                "up":    { "uv": [ 0, 0, 16, 16 ], "texture": "#top",    "cullface": "up", "tintindex": 0 },
                "north": { "uv": [ 0, 0, 16, 16 ], "texture": "#side",   "cullface": "north" },
                "south": { "uv": [ 0, 0, 16, 16 ], "texture": "#side",   "cullface": "south" },
                "west":  { "uv": [ 0, 0, 16, 16 ], "texture": "#side",   "cullface": "west" },
                "east":  { "uv": [ 0, 0, 16, 16 ], "texture": "#side",   "cullface": "east" }
            }
        },
        {   "from": [ -8, -0.01, -8 ],
            "to": [ 24, 16.01, 24 ],
            "faces": {
                "up":    { "uv": [ 0, 0, 16, 16 ], "texture": "#grasscon", "cullface": "up", "tintindex": 0 }
            }
        },
        {   "from": [ 0, -0.02, 0 ],
            "to": [ 16, 16.02, 16 ],
            "faces": {
                "up":    { "uv": [ 0, 0, 16, 16 ], "texture": "#top",    "cullface": "up", "tintindex": 0 }
            }
        },
        {   "from": [ 0, -0.1, 0 ],
            "to": [ 16, 16.1, 16 ],
            "faces": {
                "up":    { "uv": [ 0, 0, 16, 16 ], "texture": "#grassplus2",    "cullface": "up", "tintindex": 0 }
            }
        },
        {   "from": [ 0, -0.2, 0 ],
            "to": [ 16, 16.2, 16 ],
            "faces": {
                "up":    { "uv": [ 0, 0, 16, 16 ], "texture": "#grassplus2",    "cullface": "up", "tintindex": 0 }
            }
        },
        {   "from": [ 0, -0.3, 0 ],
            "to": [ 16, 16.3, 16 ],
            "faces": {
                "up":    { "uv": [ 0, 0, 16, 16 ], "texture": "#grassplus2",    "cullface": "up", "tintindex": 0 }
            }
        },
        {   "from": [ 0, -0.4, 0 ],
            "to": [ 16, 16.4, 16 ],
            "faces": {
                "up":    { "uv": [ 0, 0, 16, 16 ], "texture": "#grassplus2",    "cullface": "up", "tintindex": 0 }
            }
        },
        {   "from": [ 0, -0.5, 0 ],
            "to": [ 16, 16.5, 16 ],
            "faces": {
                "up":    { "uv": [ 0, 0, 16, 16 ], "texture": "#grassplus2",    "cullface": "up", "tintindex": 0 }
            }
        },
        {   "from": [ 0, -0.6, 0 ],
            "to": [ 16, 16.6, 16 ],
            "faces": {
                "up":    { "uv": [ 0, 0, 16, 16 ], "texture": "#grassplus",    "cullface": "up", "tintindex": 0 }
            }
        },
        {   "from": [ 0, -0.7, 0 ],
            "to": [ 16, 16.7, 16 ],
            "faces": {
                "up":    { "uv": [ 0, 0, 16, 16 ], "texture": "#grassplus",    "cullface": "up", "tintindex": 0 }
            }
        },
        {   "from": [ 0, -0.8, 0 ],
            "to": [ 16, 16.8, 16 ],
            "faces": {
                "up":    { "uv": [ 0, 0, 16, 16 ], "texture": "#grassplus",    "cullface": "up", "tintindex": 0 }
            }
        },
        {   "from": [ 0, -0.9, 0 ],
            "to": [ 16, 16.9, 16 ],
            "faces": {
                "up":    { "uv": [ 0, 0, 16, 16 ], "texture": "#grassplus",    "cullface": "up", "tintindex": 0 }
            }
        },
        {   "from": [ 0, -1, 0 ],
            "to": [ 16, 17, 16 ],
            "faces": {
                "up":    { "uv": [ 0, 0, 16, 16 ], "texture": "#grassplus",    "cullface": "up", "tintindex": 0 }
            }
        },
        {   "from": [ 0, 0, 0 ],
            "to": [ 16, 16, 16 ],
            "shade": false,
            "faces": {
                "north": { "uv": [ 0, 0, 16, 16 ], "texture": "#overlay80", "tintindex": 0, "cullface": "north" },
                "south": { "uv": [ 0, 0, 16, 16 ], "texture": "#overlay80", "tintindex": 0, "cullface": "south" },
                "west":  { "uv": [ 0, 0, 16, 16 ], "texture": "#overlay60", "tintindex": 0, "cullface": "west" },
                "east":  { "uv": [ 0, 0, 16, 16 ], "texture": "#overlay60", "tintindex": 0, "cullface": "east" }
            }
        }
    ],
    "display": {
        "gui": {
            "rotation": [ 30, 225, 0 ],
            "translation": [ 0, 0, 0],
            "scale":[ 0.625, 0.625, 0.625 ]
        },
        "ground": {
            "rotation": [ 0, 0, 0 ],
            "translation": [ 0, 3, 0],
            "scale":[ 0.25, 0.25, 0.25 ]
        },
        "fixed": {
            "rotation": [ 0, 0, 0 ],
            "translation": [ 0, 0, 0],
            "scale":[ 0.5, 0.5, 0.5 ]
        },
        "thirdperson_righthand": {
            "rotation": [ 75, 45, 0 ],
            "translation": [ 0, 2.5, 0],
            "scale": [ 0.375, 0.375, 0.375 ]
        },
        "firstperson_righthand": {
            "rotation": [ 0, 45, 0 ],
            "translation": [ 0, 0, 0 ],
            "scale": [ 0.40, 0.40, 0.40 ]
        },
        "firstperson_lefthand": {
            "rotation": [ 0, 225, 0 ],
            "translation": [ 0, 0, 0 ],
            "scale": [ 0.40, 0.40, 0.40 ]
        }
    }
}
