{
    "textures": {
        "particle": "#texture"
    },
    "elements": [
        {   "from": [ 6, 0, 6 ],
            "to": [ 10, 16, 10 ],
            "faces": {
                "down":  { "uv": [ 6, 6, 10, 10 ], "texture": "#texture", "cullface": "down" },
                "up":    { "uv": [ 6, 6, 10, 10 ], "texture": "#texture" },
                "north": { "uv": [ 0, 0, 16, 4 ],"rotation":90, "texture": "#texture" },
                "south": { "uv": [ 0, 4, 16, 8 ],"rotation":90, "texture": "#texture" },
                "west":  { "uv": [ 0, 8, 16, 12 ],"rotation":90, "texture": "#texture" },
                "east":  { "uv": [ 0, 12, 16, 16 ],"rotation":90, "texture": "#texture" }
            },
            "__comment": "Center post"
        }
    ]
}
