{
    "targets": [
        "swap",
        "swap2",
        "swap3"
    ],
    "passes": [
        {
            "name": "fxaa",
            "intarget": "minecraft:main",
            "outtarget": "swap"
        },
        {
            "name": "willpackColor",
            "intarget": "swap",
            "outtarget": "swap2"
        },
        {
            "name": "willpackBloom",
            "intarget": "swap2",
            "outtarget": "swap3"
        },
        {
            "name": "blit",
            "intarget": "swap3",
            "outtarget": "minecraft:main"
        }
    ]
}
