{
    "variants": {
        "facing=up,powered=false": { "model": "observer_up" },
        "facing=down,powered=false": { "model": "observer_down" },
        "facing=north,powered=false": { "model": "observer_north" },
        "facing=south,powered=false": { "model": "observer_south" },
        "facing=west,powered=false": { "model": "observer_west" },
        "facing=east,powered=false": { "model": "observer_east" },
        "facing=up,powered=true": { "model": "observer_powered_up" },
        "facing=down,powered=true": { "model": "observer_powered_down" },
        "facing=north,powered=true": { "model": "observer_powered_north" },
        "facing=south,powered=true": { "model": "observer_powered_south" },
        "facing=west,powered=true": { "model": "observer_powered_west" },
        "facing=east,powered=true": { "model": "observer_powered_east" }
    }
}
