{
    "variants": {
        "normal": [
            { "model": "coarse_dirt/0" ,"weight": 1},
            { "model": "coarse_dirt/1" ,"weight": 1},
            { "model": "coarse_dirt/2" ,"weight": 1},
            { "model": "coarse_dirt/3" ,"weight": 1},
            { "model": "coarse_dirt/4" ,"weight": 1},
            { "model": "coarse_dirt/5" ,"weight": 1},
            { "model": "coarse_dirt/6" ,"weight": 1},
            { "model": "coarse_dirt/7" ,"weight": 1},
            { "model": "coarse_dirt/8" ,"weight": 1},
            { "model": "coarse_dirt/9" ,"weight": 1},
            { "model": "coarse_dirt/10" ,"weight": 1},
            { "model": "coarse_dirt/11" ,"weight": 1},
            { "model": "coarse_dirt/12" ,"weight": 1},
            { "model": "coarse_dirt/13" ,"weight": 1},
            { "model": "coarse_dirt/14" ,"weight": 1},
            { "model": "coarse_dirt/15" ,"weight": 1}


        ],
        "snowy=true":  { "model": "grass_snowed" }
    }
}
