{
    "variants": {
        "normal": [
            { "model": "cobblestone/0" ,"weight": 1},
            { "model": "cobblestone/1" ,"weight": 1},
            { "model": "cobblestone/2" ,"weight": 1},
            { "model": "cobblestone/3" ,"weight": 1},
            { "model": "cobblestone/4" ,"weight": 1},
            { "model": "cobblestone/5" ,"weight": 1},
            { "model": "cobblestone/6" ,"weight": 1},
            { "model": "cobblestone/7" ,"weight": 1},
            { "model": "cobblestone/8" ,"weight": 1},
            { "model": "cobblestone/9" ,"weight": 1},
            { "model": "cobblestone/10" ,"weight": 1},
            { "model": "cobblestone/11" ,"weight": 1},
            { "model": "cobblestone/12" ,"weight": 1},
            { "model": "cobblestone/13" ,"weight": 1},
            { "model": "cobblestone/14" ,"weight": 1},
            { "model": "cobblestone/15" ,"weight": 1},
            { "model": "cobblestone/16" ,"weight": 1},
            { "model": "cobblestone/17" ,"weight": 1}


        ]
    }
}
