{
    "variants": {
        "normal": [
            { "model": "stone_granite/0" ,"weight": 1},
            { "model": "stone_granite/1" ,"weight": 1},
            { "model": "stone_granite/2" ,"weight": 1},
            { "model": "stone_granite/3" ,"weight": 1},
            { "model": "stone_granite/4" ,"weight": 1},
            { "model": "stone_granite/5" ,"weight": 1},
            { "model": "stone_granite/6" ,"weight": 1},
            { "model": "stone_granite/7" ,"weight": 1},
            { "model": "stone_granite/8" ,"weight": 1},
            { "model": "stone_granite/9" ,"weight": 1},
            { "model": "stone_granite/10" ,"weight": 1},
            { "model": "stone_granite/11" ,"weight": 1},
            { "model": "stone_granite/12" ,"weight": 1},
            { "model": "stone_granite/13" ,"weight": 1},
            { "model": "stone_granite/14" ,"weight": 1},
            { "model": "stone_granite/15" ,"weight": 1}


        ]
    }
}
