{
    "parent": "block/grass",
    "textures": {
        "particle": "blocks/dirt/12",
        "bottom": "blocks/dirt/12",
        "top": "blocks/grass_top/12",
        "side": "blocks/grass_side",
        "overlay80": "blocks/grass_side_overlay_80",
        "overlay60": "blocks/grass_side_overlay_60",
        "ctm_top_left":"blocks/grass_ctm_top_left",
        "ctm_top_right":"blocks/grass_ctm_top_right",
        "ctm_top_top":"blocks/grass_ctm_top_top",
        "ctm_top_bottom":"blocks/grass_ctm_top_bottom",
        "grasscon":"blocks/grasscon",
        "grassplus":"blocks/grassplus/12",
        "grassplus2":"blocks/grassplus2/12"
    }
}
