{
    "targets": [
        "swap",
        "swap2",
        "swap3",
        "swap4",
        "swap5",
        "swap6",
        "swap7",
        "pswap",
        "pprevious"
    ],
    "passes": [
        {
            "name": "phosphor",
            "intarget": "minecraft:main",
            "outtarget": "pswap",
            "auxtargets": [
                {
                    "name": "PrevSampler",
                    "id": "pprevious"
                }
            ]
        },
        {
            "name": "blit",
            "intarget": "pswap",
            "outtarget": "pprevious"
        },

        {
            "name": "willpackColor",
            "intarget": "minecraft:main",
            "outtarget": "swap",
            "auxtargets": [
                {
                    "name": "MBSampler",
                    "id": "pswap"
                }
            ]
        },
        {
            "name": "willpackDarken",
            "intarget": "minecraft:main",
            "outtarget": "swap3",
            "auxtargets": [
                {
                    "name": "MBSampler",
                    "id": "pswap"
                }
            ]
        },
        {
            "name": "blur",
            "intarget": "swap3",
            "outtarget": "swap4",
            "uniforms": [
                {
                    "name": "BlurDir",
                    "values": [ 4.0, 0.0 ]
                },
                {
                    "name": "Radius",
                    "values": [ 2.0 ]
                }
            ]
        },
        {
            "name": "blur",
            "intarget": "swap4",
            "outtarget": "swap5",
            "uniforms": [
                {
                    "name": "BlurDir",
                    "values": [ 0.0, 4.0 ]
                },
                {
                    "name": "Radius",
                    "values": [ 2.0 ]
                }
            ]
        },
        {
            "name": "blur",
            "intarget": "swap5",
            "outtarget": "swap6",
            "uniforms": [
                {
                    "name": "BlurDir",
                    "values": [ 1.0, 1.0 ]
                },
                {
                    "name": "Radius",
                    "values": [ 2.0 ]
                }
            ]
        },
        {
            "name": "blur",
            "intarget": "swap6",
            "outtarget": "swap7",
            "uniforms": [
                {
                    "name": "BlurDir",
                    "values": [ -1.0, 1.0 ]
                },
                {
                    "name": "Radius",
                    "values": [ 2.0 ]
                }
            ]
        },
        {
            "name": "willpackBloom",
            "intarget": "swap",
            "outtarget": "swap2",
            "auxtargets": [
                {
                    "name": "DarkBlurSampler",
                    "id": "swap7"
                }
            ]
        },
        {
            "name": "fxaa",
            "intarget": "swap2",
            "outtarget": "minecraft:main"
        }
    ]
}
