{"stat.useItem.6":17,"stat.useItem.18":29,"stat.useItem.17":114,"stat.fallOneCm":5481,"stat.useItem.14":3,"stat.useItem.13":150,"achievement.openInventory":378,"stat.useItem.146":2,"stat.useItem.145":2,"stat.useItem.15":4,"stat.jump":670,"achievement.exploreAllBiomes":{"value":0,"progress":["Forest","Desert M","Desert","DesertHills","Plains","Extreme Hills Edge","River","Hell","ForestHills"]},"stat.useItem.1":292,"stat.useItem.58":2,"stat.useItem.3":4874,"stat.damageTaken":3890,"stat.useItem.390":4,"stat.useItem.4":486,"stat.useItem.5":3639,"stat.useItem.54":3,"stat.useItem.106":96,"stat.useItem.53":312,"stat.climbOneCm":2125,"stat.useItem.383":3,"stat.useItem.108":695,"stat.useItem.109":576,"stat.useItem.50":137,"stat.useItem.389":4,"stat.damageDealt":120,"stat.useItem.12":168,"stat.useItem.101":12,"stat.useItem.102":233,"stat.drop":102,"stat.useItem.134":99,"stat.useItem.137":2,"stat.mineBlock.3":1,"stat.leaveGame":2,"stat.killEntity.Sheep":1,"stat.useItem.139":64,"stat.useItem.175":22,"stat.useItem.48":2,"stat.useItem.49":20,"stat.useItem.380":1,"stat.swimOneCm":30406,"stat.useItem.46":1,"stat.walkOneCm":463167,"stat.diveOneCm":34852,"stat.useItem.47":9,"stat.useItem.45":1147,"stat.useItem.44":2213,"stat.useItem.41":88,"stat.useItem.404":2,"achievement.mineWood":2,"stat.useItem.35":777,"stat.useItem.324":15,"stat.useItem.38":19,"stat.useItem.37":9,"stat.useItem.323":43,"stat.useItem.85":498,"stat.useItem.39":16,"stat.useItem.164":224,"stat.useItem.89":1,"stat.useItem.163":331,"stat.mobKills":2,"stat.deaths":3,"stat.useItem.170":633,"stat.useItem.30":2,"stat.useItem.126":1968,"stat.useItem.95":6,"stat.useItem.259":4,"stat.useItem.96":129,"stat.useItem.156":69,"stat.useItem.25":21,"stat.useItem.159":2141,"stat.useItem.24":1,"stat.flyOneCm":11720894,"stat.useItem.155":141,"stat.useItem.154":4,"stat.useItem.98":2295,"stat.useItem.69":1,"stat.useItem.351":319,"stat.useItem.61":3,"stat.useItem.67":6,"stat.useItem.66":3,"stat.useItem.65":5,"stat.useItem.114":151,"stat.useItem.160":70,"stat.useItem.161":67,"stat.useItem.162":833,"stat.playOneMinute":1505624,"stat.useItem.20":24}