{
"textures": {
	"rail": "blocks/rail_normal",
	"particle":"blocks/rail_normal"
},
"ambientocclusion": false,
"elements":[
    {
		"type":"cube", //Left rail
		"from":[2,1,0],
		"to":[4,2,16],
		"faces": {
			"down":{"uv":[2,0,4,16],"texture":"#rail"},
			"up":{"uv":[2,0,4,16],"texture":"#rail"},
			"north":{"uv":[2,0,4,1],"texture":"#rail"},
			"south":{"uv":[2,15,4,16],"texture":"#rail"},
			"west":{"uv":[2,0,3,16],"rotation":90,"texture":"#rail"},
			"east":{"uv":[3,0,3,16],"rotation":90,"texture":"#rail"}
		}
	},
	{
		"type":"cube", //Right rail
		"from":[12,1,0],
		"to":[14,2,16],
		"faces": {
			"down":{"uv":[12,0,14,16],"texture":"#rail"},
			"up":{"uv":[12,0,14,16],"texture":"#rail"},
			"north":{"uv":[12,0,14,1],"texture":"#rail"},
			"south":{"uv":[12,15,14,16],"texture":"#rail"},
			"west":{"uv":[12,0,13,16],"rotation":90,"texture":"#rail"},
			"east":{"uv":[13,0,14,16],"rotation":90,"texture":"#rail"}
		}
	},
	{
		"type":"cube", //First tie
		"from":[1,0,1],
		"to":[15,1,3],
		"faces": {
			"down":{"uv":[1,1,15,3],"texture":"#rail"},
			"up":{"uv":[1,1,15,3],"texture":"#rail"},
			"north":{"uv":[1,1,15,3],"texture":"#rail"},
			"south":{"uv":[1,1,15,3],"texture":"#rail"},
			"west":{"uv":[14,1,15,3],"rotation":270,"texture":"#rail"},
			"east":{"uv":[14,1,15,3],"rotation":270,"texture":"#rail"}
		}
	},
	{
		"type":"cube", //Second tie
		"from":[1,0,5],
		"to":[15,1,7],
		"faces": {
			"down":{"uv":[1,5,15,7],"texture":"#rail"},
			"up":{"uv":[1,5,15,7],"texture":"#rail"},
			"north":{"uv":[1,5,15,7],"texture":"#rail"},
			"south":{"uv":[1,5,15,7],"texture":"#rail"},
			"west":{"uv":[14,5,15,7],"rotation":270,"texture":"#rail"},
			"east":{"uv":[14,5,15,7],"rotation":270,"texture":"#rail"}
		}
	},
	{
		"type":"cube", //Third tie
		"from":[1,0,9],
		"to":[15,1,11],
		"faces": {
			"down":{"uv":[1,9,15,11],"texture":"#rail"},
			"up":{"uv":[1,9,15,11],"texture":"#rail"},
			"north":{"uv":[1,9,15,11],"texture":"#rail"},
			"south":{"uv":[1,9,15,11],"texture":"#rail"},
			"west":{"uv":[14,9,15,11],"rotation":270,"texture":"#rail"},
			"east":{"uv":[14,9,15,11],"rotation":270,"texture":"#rail"}
		}
	},
	{
		"type":"cube", //Fourth tie
		"from":[1,0,13],
		"to":[15,1,15],
		"faces": {
			"down":{"uv":[1,13,15,15],"texture":"#rail"},
			"up":{"uv":[1,13,15,15],"texture":"#rail"},
			"north":{"uv":[1,13,15,15],"texture":"#rail"},
			"south":{"uv":[1,13,15,15],"texture":"#rail"},
			"west":{"uv":[14,13,15,15],"rotation":270,"texture":"#rail"},
			"east":{"uv":[14,13,15,15],"rotation":270,"texture":"#rail"}
		}
	},
	{
		"type":"cube", //middle
		"from":[7,0,0],
		"to":[9,0.99,16],
		"faces": {
			"down":{"uv":[7,0,9,16],"texture":"#rail"},
			"up":{"uv":[7,0,9,16],"texture":"#rail"},
			"north":{"uv":[7,0,9,1],"texture":"#rail"},
			"south":{"uv":[7,15,9,16],"texture":"#rail"},
			"west":{"uv":[7,0,8,16],"rotation":90,"texture":"#rail"},
			"east":{"uv":[8,0,9,16],"rotation":90,"texture":"#rail"}
		}
	}
	]
}