{

    "elements": [
        {   "from": [ 0, 0, 0 ],
            "to": [ 16, 16, 16 ],
            "faces": {
                "down":  { "uv": [ 0, 0, 16, 16 ], "texture": "#bottom", "cullface": "down" },
                "up":    { "uv": [ 0, 0, 16, 16 ], "texture": "#top",    "cullface": "up", "tintindex": 0 },
                "north": { "uv": [ 0, 0, 16, 16 ], "texture": "#side",   "cullface": "north" },
                "south": { "uv": [ 0, 0, 16, 16 ], "texture": "#side",   "cullface": "south" },
                "west":  { "uv": [ 0, 0, 16, 16 ], "texture": "#side",   "cullface": "west" },
                "east":  { "uv": [ 0, 0, 16, 16 ], "texture": "#side",   "cullface": "east" }
            }
        },
        {   "from": [ -8, -0.01, -8 ],
            "to": [ 24, 16.01, 24 ],
            "faces": {
                "up":    { "uv": [ 0, 0, 16, 16 ], "texture": "#grasscon", "cullface": "up", "tintindex": 0 }
            }
        },
        {   "from": [ 0, -0.02, 0 ],
            "to": [ 16, 16.02, 16 ],
            "faces": {
                "up":    { "uv": [ 0, 0, 16, 16 ], "texture": "#top",    "cullface": "up", "tintindex": 0 }
            }
        },
        /*
        {   "from": [ 0, 0, 0 ],
            "to": [ 16, 16, 16 ],
            "faces": {
                "up":  { "uv": [ 0, 0, 16, 16 ], "texture": "#ctm_top_left", "cullface": "west" , "tintindex": 0}
            }
        },
        {   "from": [ 0, 0, 0 ],
            "to": [ 16, 16, 16 ],
            "faces": {
                "up":  { "uv": [ 0, 0, 16, 16 ], "texture": "#ctm_top_right", "cullface": "east", "tintindex": 0 }
            }
        },
        {   "from": [ 0, 0, 0 ],
            "to": [ 16, 16, 16 ],
            "faces": {
                "up":  { "uv": [ 0, 0, 16, 16 ], "texture": "#ctm_top_top", "cullface": "north" , "tintindex": 0}
            }
        },
        {   "from": [ 0, 0, 0 ],
            "to": [ 16, 16, 16 ],
            "faces": {
                "up":  { "uv": [ 0, 0, 16, 16 ], "texture": "#ctm_top_bottom", "cullface": "south" , "tintindex": 0}
            }
        },
        */
        {   "from": [ 0, 0, 0 ],
            "to": [ 16, 16, 16 ],
            "shade": false,
            "faces": {
                "north": { "uv": [ 0, 0, 16, 16 ], "texture": "#overlay80", "tintindex": 0, "cullface": "north" },
                "south": { "uv": [ 0, 0, 16, 16 ], "texture": "#overlay80", "tintindex": 0, "cullface": "south" },
                "west":  { "uv": [ 0, 0, 16, 16 ], "texture": "#overlay60", "tintindex": 0, "cullface": "west" },
                "east":  { "uv": [ 0, 0, 16, 16 ], "texture": "#overlay60", "tintindex": 0, "cullface": "east" }
            }
        }
    ]
}
