{
    "elements": [
        {   "from": [ 0, 0, 0 ],
            "to": [ 16, 16, 16 ],
            "faces": {
                "down":  { "texture": "#bottom", "cullface": "down"},
                "up":    { "texture": "#top", "cullface": "up"},
                "north": { "texture": "#ns", "cullface": "north"},
                "south": { "texture": "#ns", "cullface": "south"}
            }
        }
        ,{   "from": [ 0, 0, 0 ],
            "to": [ 16, 16, 16 ],
            "shade": false,
            "faces": {
                "west":  { "texture": "#ew", "cullface": "west"},
                "east":  { "texture": "#ew", "cullface": "east"}
            }
        }
    ]
}
