{
    "ambientocclusion": false,
    "textures": {
        "particle": "#rail"
    },
    "elements": [
    {
        "type":"cube",
        "from":[2,1,12.5],
        "to":[4,2,16],
        "faces": {
            "down":{"uv":[2,12.5,4,16],"texture":"#ties"},
            "up":{"uv":[2,12.5,4,16],"texture":"#ties"},
            "south":{"uv":[2,15,4,16],"texture":"#ties"},
            "west":{"uv":[2,12.5,3,16],"rotation":90,"texture":"#ties"},
            "east":{"uv":[3,12.5,3,16],"rotation":90,"texture":"#ties"}
        }
    },
    {
        "type":"cube", 
        "from":[12.5,1,2],
        "to":[16,2,4],
        "faces": {
            "down":{"uv":[2,12.5,4,16],"rotation":90,"texture":"#ties"},
            "up":{"uv":[2,12.5,4,16],"rotation":90,"texture":"#ties"},
            "north":{"uv":[2,12.5,3,16],"rotation":90,"texture":"#ties"},
            "south":{"uv":[3,12.5,3,16],"rotation":90,"texture":"#ties"},
            "east":{"uv":[2,15,4,16],"texture":"#ties"}
        }
    },
    {
        "type":"cube",
        "from":[12,1.02,13.75],
        "to":[14,2.02,16],
        "faces": {
            "down":{"uv":[12,13.75,14,16],"texture":"#ties"},
            "up":{"uv":[12,13.75,14,16],"texture":"#ties"},
            "south":{"uv":[12,15,14,16],"texture":"#ties"},
            "west":{"uv":[2,13.75,3,16],"rotation":90,"texture":"#ties"},
            "east":{"uv":[3,13.75,3,16],"rotation":90,"texture":"#ties"}
        }
    },
    {
        "type":"cube", 
        "from":[13.75,1.01,12],
        "to":[16,2.01,14],
        "faces": {
            "down":{"uv":[12,13.75,14,16],"rotation":90,"texture":"#ties"},
            "up":{"uv":[12,13.75,14,16],"rotation":90,"texture":"#ties"},
            "north":{"uv":[2,13.75,3,16],"rotation":90,"texture":"#ties"},
            "south":{"uv":[3,13.75,3,16],"rotation":90,"texture":"#ties"},

            "east":{"uv":[12,15,14,16],"texture":"#ties"}
        }
    },
    {
        "type":"cube", 
        "from":[12,1,13.75],
        "to":[14,2,16.25],
        "rotation": {"origin": [ 15, 0, 15 ],"axis": "y","angle": -45},
        "faces": {
            "down":{"uv":[12,13.5,14,16],"texture":"#ties"},
            "up":{"uv":[12,13.5,14,16],"texture":"#ties"},


            "west":{"uv":[2,13.5,3,16],"rotation":90,"texture":"#ties"},
            "east":{"uv":[3,13.5,3,16],"rotation":90,"texture":"#ties"}
        }
    },
    {
        "type":"cube", 
        "from":[2,1.01,12.38],
        "to":[4,2.01,17.62],
        "rotation": {"origin": [ 15, 0, 15 ],"axis": "y","angle": -45},
        "faces": {
            "down":{"uv":[2,11,4,16],"texture":"#ties"},
            "up":{"uv":[2,11,4,16],"texture":"#ties"},
            "west":{"uv":[2,11,3,16],"rotation":90,"texture":"#ties"},
            "east":{"uv":[3,11,3,16],"rotation":90,"texture":"#ties"}
        }
    },
    {
        "type":"cube", 
        "from":[2,1.02,12.38],
        "to":[4,2.02,17.62],
        "rotation": {"origin": [ 15, 0, 15 ],"axis": "y","angle": -22.5},
        "faces": {
            "down":{"uv":[2,11,4,16],"texture":"#ties"},
            "up":{"uv":[2,11,4,16],"texture":"#ties"},
            "west":{"uv":[2,11,3,16],"rotation":90,"texture":"#ties"},
            "east":{"uv":[3,11,3,16],"rotation":90,"texture":"#ties"}
        }
    },
    {
        "type":"cube", 
        "from":[12.38,1.03,2],
        "to":[17.62,2.03,4],
        "rotation": {"origin": [ 15, 0, 15 ],"axis": "y","angle": 22.5},
        "faces": {
            "down":{"uv":[2,11,4,16],"rotation":90,"texture":"#ties"},
            "up":{"uv":[2,11,4,16],"rotation":90,"texture":"#ties"},
            "north":{"uv":[2,11,3,16],"rotation":90,"texture":"#ties"},
            "south":{"uv":[3,11,3,16],"rotation":90,"texture":"#ties"}
        }
    },

    {
        "type":"cube", 
        "from":[1,0,14],
        "to":[15,1,16],
        "faces": {
            "down":{"uv":[1,1,15,3],"texture":"#ties"},
            "up":{"uv":[1,1,15,3],"texture":"#ties"},
            "north":{"uv":[1,1,15,3],"texture":"#ties"},
            "south":{"uv":[1,1,15,3],"texture":"#ties"},
            "west":{"uv":[14,1,15,3],"rotation":270,"texture":"#ties"},
            "east":{"uv":[14,1,15,3],"rotation":270,"texture":"#ties"}
        }
    },
    {
        "type":"cube", 
        "from":[1,0.01,14],
        "to":[15,1.01,16],
        "rotation": {"origin": [ 15, 0, 15 ],"axis": "y","angle": -22.5},
        "faces": {
            "down":{"uv":[1,5,15,7],"texture":"#ties"},
            "up":{"uv":[1,5,15,7],"texture":"#ties"},
            "north":{"uv":[1,5,15,7],"texture":"#ties"},
            "south":{"uv":[1,5,15,7],"texture":"#ties"},
            "west":{"uv":[14,5,15,7],"rotation":270,"texture":"#ties"},
            "east":{"uv":[14,5,15,7],"rotation":270,"texture":"#ties"}
        }
    },
    {
        "type":"cube", 
        "from":[1,0.02,14],
        "to":[15,1.02,16],
        "rotation": {"origin": [ 15, 0, 15 ],"axis": "y","angle": -45},
        "faces": {
            "down":{"uv":[1,9,15,11],"texture":"#ties"},
            "up":{"uv":[1,9,15,11],"texture":"#ties"},
            "north":{"uv":[1,9,15,11],"texture":"#ties"},
            "south":{"uv":[1,9,15,11],"texture":"#ties"},
            "west":{"uv":[14,9,15,11],"rotation":270,"texture":"#ties"},
            "east":{"uv":[14,9,15,11],"rotation":270,"texture":"#ties"}
        }
    },
    {
        "type":"cube", 
        "from":[14,0.03,1],
        "to":[16,1.03,15],
        "rotation": {"origin": [ 15, 0, 15 ],"axis": "y","angle": 22.5},
        "faces": {
            "down":{"uv":[1,13,15,15],"rotation":90,"texture":"ties"},
            "up":{"uv":[1,13,15,15],"rotation":90,"texture":"ties"},
            "north":{"uv":[14,13,15,15],"rotation":270,"texture":"ties"},
            "south":{"uv":[14,13,15,15],"rotation":270,"texture":"ties"},
            "west":{"uv":[1,13,15,15],"texture":"ties"},
            "east":{"uv":[1,13,15,15],"texture":"ties"}
        }
    },
    {
        "type":"cube",
        "from":[14,0.04,1],
        "to":[16,1.04,15],
        "faces": {
            "down":{"uv":[1,1,15,3],"rotation":90,"texture":"#ties"},
            "up":{"uv":[1,1,15,3],"rotation":90,"texture":"#ties"},
            "north":{"uv":[14,1,15,3],"rotation":270,"texture":"#ties"},
            "south":{"uv":[14,1,15,3],"rotation":270,"texture":"#ties"},
            "west":{"uv":[1,1,15,3],"texture":"#ties"},
            "east":{"uv":[1,1,15,3],"texture":"#ties"}
        }
    }
    ]
}
